{
  "images" : [
    {
      "idiom" : "universal",
      "filename" : "Screen Shot 2017-03-21 at 11.09.46 PM.png",
      "scale" : "1x"
    },
    {
      "idiom" : "universal",
      "filename" : "Screen Shot 2017-03-21 at 11.09.46 PM-1.png",
      "scale" : "2x"
    },
    {
      "idiom" : "universal",
      "filename" : "Screen Shot 2017-03-21 at 11.09.46 PM-2.png",
      "scale" : "3x"
    }
  ],
  "info" : {
    "version" : 1,
    "author" : "xcode"
  },
  "properties" : {
    "template-rendering-intent" : "original"
  }
}